-- Publishers (20)
INSERT INTO Publisher (name, address, phone_number) VALUES
                                                        ('O’Reilly Media', 'Sebastopol, USA', '+1-707-827-7000'),
                                                        ('Springer', 'Berlin, Germany', '+49-30-827-870'),
                                                        ('PWN', 'Warsaw, Poland', '+48-22-695-4000'),
                                                        ('Pearson', 'London, UK', '+44-20-7010-2000'),
                                                        ('Manning', 'Shelter Island, USA', '+1-800-555-1212'),
                                                        ('Packt', 'Birmingham, UK', '+44-121-265-6484'),
                                                        ('Apress', 'New York, USA', '+1-212-555-7777'),
                                                        ('Elsevier', 'Amsterdam, NL', '+31-20-485-3911'),
                                                        ('MIT Press', 'Cambridge, USA', '+1-617-253-5646'),
                                                        ('No Starch Press', 'San Francisco, USA', '+1-415-863-9900'),
                                                        ('Wiley', 'Hoboken, USA', '+1-201-748-6000'),
                                                        ('CRC Press', 'Boca Raton, USA', '+1-561-998-2500'),
                                                        ('McGraw-Hill', 'New York, USA', '+1-646-231-2000'),
                                                        ('Addison-Wesley', 'Boston, USA', '+1-800-888-8888'),
                                                        ('Cambridge University Press', 'Cambridge, UK', '+44-1223-312-393'),
                                                        ('Oxford University Press', 'Oxford, UK', '+44-1865-556767'),
                                                        ('SAP Press', 'Walldorf, Germany', '+49-6227-747474'),
                                                        ('Hanser', 'Munich, Germany', '+49-89-998-300'),
                                                        ('Prentice Hall', 'Upper Saddle River, USA', '+1-201-236-7130'),
                                                        ('Sams Publishing', 'Indianapolis, USA', '+1-317-555-9090');

-- Books (20) – зверни увагу: publisher_Id мусить існувати, тут 1–20 з вище
INSERT INTO Book (title, author, publisher_Id, publication_Year, isbn) VALUES
                                                                           ('Effective Java', 'Joshua Bloch', 1, 2018, '9780134685991'),
                                                                           ('Clean Code', 'Robert C. Martin', 1, 2008, '9780132350884'),
                                                                           ('Spring in Action', 'Craig Walls', 2, 2021, '9781617297571'),
                                                                           ('Design Patterns', 'GoF', 4, 1994, '9780201633610'),
                                                                           ('Java Concurrency in Practice', 'Brian Goetz', 1, 2006, '9780321349606'),
                                                                           ('Algorithms', 'Robert Sedgewick', 3, 2011, '9780321573513'),
                                                                           ('Refactoring', 'Martin Fowler', 5, 2018, '9780134757599'),
                                                                           ('The Pragmatic Programmer', 'Andrew Hunt', 10, 2019, '9780135957059'),
                                                                           ('Artificial Intelligence', 'Russell & Norvig', 11, 2020, '9780134610993'),
                                                                           ('Database System Concepts', 'Silberschatz', 11, 2020, '9780078022159'),
                                                                           ('Operating Systems', 'Andrew Tanenbaum', 8, 2015, '9780133591620'),
                                                                           ('Computer Networks', 'Andrew Tanenbaum', 8, 2011, '9780132126953'),
                                                                           ('Deep Learning', 'Ian Goodfellow', 9, 2016, '9780262035613'),
                                                                           ('Python Crash Course', 'Eric Matthes', 10, 2019, '9781593279288'),
                                                                           ('JavaScript: The Good Parts', 'Douglas Crockford', 19, 2008, '9780596517748'),
                                                                           ('You Don’t Know JS', 'Kyle Simpson', 10, 2015, '9781491904244'),
                                                                           ('C Programming Language', 'Kernighan & Ritchie', 14, 1988, '9780131103627'),
                                                                           ('Software Engineering', 'Ian Sommerville', 11, 2016, '9780133943030'),
                                                                           ('Head First Design Patterns', 'Eric Freeman', 6, 2004, '9780596007126'),
                                                                           ('Introduction to Algorithms', 'Cormen', 11, 2009, '9780262033848');

-- Users (20)
INSERT INTO Users (name, email, phone_number, address) VALUES
                                                           ('Andrii Dyma', 'andrii@example.com', '+48-500-111-222', 'Warsaw, Poland'),
                                                           ('Anna Kowalska', 'anna.k@example.com', '+48-600-333-444', 'Krakow, Poland'),
                                                           ('John Smith', 'john.smith@example.com', '+1-408-123-4567', 'San Jose, USA'),
                                                           ('Maria Lopez', 'maria.lopez@example.com', '+34-91-123-4567', 'Madrid, Spain'),
                                                           ('Hans Müller', 'hans.mueller@example.com', '+49-30-123456', 'Berlin, Germany'),
                                                           ('Sophie Dubois', 'sophie.dubois@example.com', '+33-1-23456789', 'Paris, France'),
                                                           ('Luca Rossi', 'luca.rossi@example.com', '+39-06-9876543', 'Rome, Italy'),
                                                           ('Emily Johnson', 'emily.j@example.com', '+44-20-1234-5678', 'London, UK'),
                                                           ('Akira Tanaka', 'akira.t@example.com', '+81-3-1234-5678', 'Tokyo, Japan'),
                                                           ('Chen Wei', 'chen.wei@example.com', '+86-10-1234-5678', 'Beijing, China'),
                                                           ('Ahmed Ali', 'ahmed.ali@example.com', '+20-2-1234-5678', 'Cairo, Egypt'),
                                                           ('Fatima Khan', 'fatima.khan@example.com', '+92-51-1234567', 'Islamabad, Pakistan'),
                                                           ('Carlos Silva', 'carlos.silva@example.com', '+55-11-1234-5678', 'Sao Paulo, Brazil'),
                                                           ('Ivan Petrov', 'ivan.petrov@example.com', '+7-495-123-4567', 'Moscow, Russia'),
                                                           ('Yulia Ivanenko', 'yulia.i@example.com', '+380-44-123-4567', 'Kyiv, Ukraine'),
                                                           ('David Cohen', 'david.cohen@example.com', '+972-3-123-4567', 'Tel Aviv, Israel'),
                                                           ('Peter Novak', 'peter.novak@example.com', '+421-2-123-4567', 'Bratislava, Slovakia'),
                                                           ('Katarzyna Nowak', 'k.nowak@example.com', '+48-22-765-4321', 'Gdansk, Poland'),
                                                           ('Marek Zielinski', 'marek.z@example.com', '+48-12-765-4321', 'Krakow, Poland'),
                                                           ('Olga Smirnova', 'olga.s@example.com', '+7-812-123-4567', 'Saint Petersburg, Russia');

-- Copies (20) – book_Id має існувати (тут 1–20)
INSERT INTO Copy (book_Id, copy_number, status) VALUES
                                                    (1, 1, 'Available'),
                                                    (1, 2, 'Borrowed'),
                                                    (2, 1, 'Available'),
                                                    (3, 1, 'Available'),
                                                    (4, 1, 'Borrowed'),
                                                    (5, 1, 'Available'),
                                                    (6, 1, 'Available'),
                                                    (7, 1, 'Available'),
                                                    (8, 1, 'Borrowed'),
                                                    (9, 1, 'Available'),
                                                    (10, 1, 'Available'),
                                                    (11, 1, 'Borrowed'),
                                                    (12, 1, 'Available'),
                                                    (13, 1, 'Available'),
                                                    (14, 1, 'Available'),
                                                    (15, 1, 'Borrowed'),
                                                    (16, 1, 'Available'),
                                                    (17, 1, 'Available'),
                                                    (18, 1, 'Available'),
                                                    (19, 1, 'Available');

-- Borrowings (20) – user_Id і copy_Id мають існувати
INSERT INTO Borrowing (user_Id, copy_Id, borrow_date, return_date) VALUES
                                                                       (1, 2, '2025-09-01', NULL),
                                                                       (2, 5, '2025-09-10', '2025-09-20'),
                                                                       (3, 8, '2025-09-15', NULL),
                                                                       (4, 11, '2025-09-12', '2025-09-25'),
                                                                       (5, 15, '2025-09-08', NULL),
                                                                       (6, 2, '2025-09-05', NULL),
                                                                       (7, 5, '2025-09-07', '2025-09-18'),
                                                                       (8, 8, '2025-09-11', NULL),
                                                                       (9, 11, '2025-09-14', '2025-09-19'),
                                                                       (10, 15, '2025-09-20', NULL),
                                                                       (11, 2, '2025-09-21', NULL),
                                                                       (12, 5, '2025-09-22', NULL),
                                                                       (13, 8, '2025-09-23', NULL),
                                                                       (14, 11, '2025-09-24', NULL),
                                                                       (15, 15, '2025-09-25', NULL),
                                                                       (16, 2, '2025-09-26', NULL),
                                                                       (17, 5, '2025-09-27', NULL),
                                                                       (18, 8, '2025-09-28', NULL),
                                                                       (19, 11, '2025-09-29', NULL),
                                                                       (20, 15, '2025-09-30', NULL);

-- Librarians (20) – user_Id має існувати
INSERT INTO Librarian (user_Id, employment_date, position) VALUES
                                                               (1, '2020-01-15', 'Head Librarian'),
                                                               (2, '2021-03-20', 'Assistant Librarian'),
                                                               (3, '2022-06-01', 'Archivist'),
                                                               (4, '2019-09-12', 'Cataloguer'),
                                                               (5, '2018-11-30', 'Senior Librarian'),
                                                               (6, '2020-02-10', 'Library Assistant'),
                                                               (7, '2019-05-05', 'Junior Librarian'),
                                                               (8, '2021-07-07', 'Deputy Librarian'),
                                                               (9, '2022-01-25', 'Media Specialist'),
                                                               (10, '2017-08-18', 'Research Librarian'),
                                                               (11, '2020-12-01', 'Digital Resources Manager'),
                                                               (12, '2019-10-10', 'Community Librarian'),
                                                               (13, '2018-04-22', 'Children’s Librarian'),
                                                               (14, '2021-11-11', 'Reference Librarian'),
                                                               (15, '2022-02-14', 'Outreach Librarian'),
                                                               (16, '2016-09-09', 'Library Technician'),
                                                               (17, '2015-12-12', 'Senior Cataloguer'),
                                                               (18, '2023-01-01', 'Library Intern'),
                                                               (19, '2019-03-03', 'Library Coordinator'),
                                                               (20, '2020-05-05', 'Acquisitions Librarian');
